,Agent,Group
0,Formaldehyde,1
1,Phenobarbital,2B
2,Mitomycin C,2B
3,Cyclophosphamide,1
4,DDT (4.4'-Dichlorodiphenyltrichloroethane),2A
5,Benzo[<i>a</i>]pyrene,1
6,Phenylbutazone,3
7,Clomiphene citrate,3
8,6-Mercaptopurine,3
9,Reserpine,3
10,Actinomycin D,3
11,Pronetalol hydrochloride,3
12,Piperonyl butoxide,3
13,2.4.6-Tris(1-aziridinyl)-<i>s</i>-triazine,3
14,5-Fluorouracil,3
15,Propylthiouracil,2B
16,Nitrogen mustard,2A
17,Ethyl carbamate (Urethane),2A
18,Spironolactone,3
19,Thiotepa,1
20,Apholate,3
21,Trichlorfon,3
22,Prednisone,3
23,Dibenz[<i>a</i>.<i>h</i>]anthracene,2A
24,Chloroquine,3
25,Furosemide (Frusemide),3
26,Isonicotinic acid hydrazide (Isoniazid),3
27,<i>N</i>-Nitrosodiethylamine,2A
28,1.4-Butanediol dimethanesulfonate (see Busulfan),unknown
29,Busulfan,1
30,Myleran (see Busulfan),unknown
31,Methylthiouracil,2B
32,Carbon tetrachloride,2B
33,Cantharidin,3
34,Parathion,2B
35,Diethylstilbestrol,1
36,Benz[<i>a</i>]anthracene,2B
37,Chloramphenicol,2A
38,Allyl isothiocyanate,3
39,1.1-Dimethylhydrazine,2B
40,Tris(2-methyl-1-aziridinyl)phosphine oxide,3
41,Phenytoin,2B
42,beta-Propiolactone,2B
43,Sulfamethazine,3
44,Chlordane,2B
45,Cholesterol,3
46,Caffeine,3
47,Pyrimethamine,3
48,Theophylline,3
49,Lindane (see also Hexachlorocyclohexanes),1
50,Hydrochlorothiazide,2B
51,Methotrexate,3
52,Nitrofural (Nitrofurazone),3
53,<i>N</i>-Nitrosomorpholine,2B
54,<i>para</i>-Aminoazobenzene,2B
55,<i>para</i>-Dimethylaminoazobenzene,2B
56,Acetamide,2B
57,Methimazole,3
58,Dieldrin (see Dieldrin. and aldrin metabolized to dieldrin),unknown
59,Dieldrin. and aldrin metabolized to dieldrin,2A
60,Niridazole,2B
61,Amitrole,3
62,Phenacetin,1
63,Ethyl methanesulfonate,2B
64,Aniline,3
65,Thioacetamide,2B
66,Thiourea,3
67,Dichlorvos,2B
68,<i>N</i>-Nitrosodimethylamine,2A
69,Carbaryl,3
70,Phenoxybenzamine hydrochloride,2B
71,Ethanol in alcoholic beverages,1
72,Diethyl sulfate,2A
73,Methyl methanesulfonate,2A
74,Uracil mustard,2B
75,Nitrofurantoin,3
76,Furazolidone,3
77,Isopropyl alcohol,3
78,Chloroform,2B
79,Hexachloroethane,2B
80,Dimethylformamide,2A
81,Tris(aziridinyl)-<i>para</i>-benzoquinone (Triaziquone),3
82,Ampicillin,3
83,<i>N</i>-Methyl-<i>N</i>´-nitro-<i>N</i>-nitrosoguanidine (MNNG),2A
84,Hexachlorophene,3
85,Benzene,1
86,1.1.1-Trichloroethane,3
87,Medroxyprogesterone acetate,2B
88,Endrin,3
89,Methoxychlor,3
90,Trypan blue,2B
91,Methyl bromide,3
92,Ethylene,3
93,Methyl chloride,3
94,Methyl iodide,3
95,Bromoethane,3
96,Chloroethane,3
97,Vinyl chloride,1
98,Vinyl fluoride,2A
99,Acetaldehyde,2B
100,Acetaldehyde associated with consumption of alcoholic beverages,1
101,Dichloromethane (Methylene chloride),2A
102,Ethylene oxide,1
103,Bromoform,3
104,Bromodichloromethane,2B
105,Vinylidene chloride,2B
106,Vinylidene fluoride,3
107,Chlorodifluoromethane,3
108,Nitromethane,2B
109,2-Methylaziridine (Propyleneimine),2B
110,Propylene oxide,2B
111,Dimethylarsinic acid,2B
112,Chloral,2A
113,2-Chloro-1.1.1-trifluoroethane,3
114,Pentachloroethane,3
115,Trichloroacetic acid,2B
116,Heptachlor,2B
117,Phenolphthalein,2B
118,Dimethyl sulfate,2A
119,Isoprene,2B
120,1.2-Dichloropropane,1
121,Methylglyoxal,3
122,1.1.2-Trichloroethane,3
123,Trichloroethylene,1
124,Acrylamide,2A
125,Acrylic acid,3
126,1.1.2.2-Tetrachloroethane,2B
127,Dichloroacetic acid,2B
128,Dimethylcarbamoyl chloride,2A
129,2-Nitropropane,2B
130,Tetrabromobisphenol A,2A
131,Dapsone,3
132,Methyl methacrylate,3
133,Saccharin and its salts,3
134,Musk xylene,3
135,1-Amino-2.4-dibromoanthraquinone,2B
136,Rhodamine B,3
137,1-Amino-2-methylanthraquinone,3
138,Quintozene (Pentachloronitrobenzene),3
139,Acenaphthene,3
140,Diacetylaminoazotoluene,3
141,Musk ambrette,3
142,Theobromine,3
143,Anthraquinone,2B
144,Phenanthrene,3
145,Butyl benzyl phthalate,3
146,Scarlet Red,3
147,Yellow AB,3
148,Sudan III,3
149,<i>N</i>-Nitrosodiphenylamine,3
150,Hydralazine,3
151,1-Nitronaphthalene,3
152,Fluorene,3
153,Carbazole,2B
154,1-Naphthylthiourea (ANTU),3
155,Cinnamyl anthranilate,3
156,2.6-Dimethylaniline (2.6-Xylidine),2B
157,Hexachlorobutadiene,3
158,Pentachlorophenol (see also Polychlorophenols),1
159,2.4.6-Trimethylaniline,3
160,2.4.6-Trichlorophenol (see also Polychlorophenols),2B
161,<i>N</i>-Vinyl-2-pyrrolidone,3
162,2-Nitrotoluene,2A
163,Chloronitrobenzenes,3
164,Pulegone,2B
165,<i>ortho</i>-Anisidine,2B
166,<i>ortho</i>-Phenylphenol,3
167,Penicillic acid,3
168,Michler’s ketone [4.4´-Bis(dimethylamino)­benzophenone],2B
169,Naphthalene,2B
170,2-Nitroanisole,2B
171,2-Naphthylamine,1
172,Coumarin,3
173,3.3'-Dimethoxybenzidine-4.4'-diisocyanate,3
174,3.3'-Dichlorobenzidine,2B
175,4-Aminobiphenyl,1
176,Benzidine,1
177,4-Nitrobiphenyl,3
178,Methyleugenol,2B
179,Benzoyl peroxide,3
180,Dihydrosafrole,2B
181,Safrole,2B
182,2.4-D (2.4-dichlorophenoxyacetic acid) (See also Chlorophenoxy herbicides),2B
183,Sulfallate,2B
184,<i>ortho</i>-Dichlorobenzene,3
185,<i>orth</i>o-Toluidine,1
186,2.4-Xylidine,3
187,4-Chloro-<i>ortho</i>-toluidine,2A
188,2.5-Diaminotoluene,3
189,2.5-Xylidine,3
190,5-Chloro-<i>ortho</i>-toluidine,3
191,2.4-Diaminotoluene,2B
192,4-Chloro-<i>ortho</i>-phenylenediamine,2B
193,Styrene-7.8-oxide,2A
194,1.2-Dibromo-3-chloropropane,2B
195,2.3-Dibromopropan-1-ol,2B
196,1.2.3-Trichloropropane,2A
197,1.3-Dichloro-2-propanol,2B
198,3-Monochloro-1.2-propanediol,2B
199,Methyl acrylate,3
200,Ethylenethiourea,3
201,gamma-Butyrolactone,3
202,Eugenol,3
203,<i>ortho</i>-Aminoazotoluene,2B
204,Disulfiram,3
205,Furfuryl alcohol ,2B
206,Furfural,3
207,Cumene,2B
208,a-Methylstyrene,2B
209,alpha-Chlorinated toluenes (benzal chloride. benzotrichloride. benzyl chloride) and benzoyl chloride (combined exposures),2A
210,Nitrobenzene,2B
211,Nitrotoluenes,3
212,5-Nitro-<i>ortho</i>-toluidine,3
213,1.2-Diamino-4-nitrobenzene,3
214,2-Amino-4-nitrophenol,3
215,5-Nitro-<i>ortho</i>-anisidine,3
216,<i>N</i>-Methyl-<i>N</i>.4-dinitrosoaniline,3
217,Dimethyl-p-toluidine,2B
218,4-Vinylcyclohexene,2B
219,Ethylbenzene,2B
220,Styrene,2B
221,<i>N</i>-Nitrosopiperidine,2B
222,4.4'-Methylenebis(2-chloroaniline) (MOCA),1
223,Chloropropham,3
224,Dinitrosopentamethylenetetramine,3
225,Michler’s base [4.4´-methylenebis(<i>N</i>.<i>N</i>-dimethyl)­benzenamine],2B
226,4.4'-Methylenediphenyl diisocyanate,3
227,4.4'-Methylenedianiline,2B
228,4.4'-Diaminodiphenyl ether,2B
229,Diglycidyl resorcinol ether,2B
230,<i>meta</i>-Cresidine,3
231,Triethanolamine,3
232,Phenicarbazide,3
233,2-Ethylhexyl acrylate,3
234,Di(2-ethylhexyl) adipate,3
235,Azobenzene,3
236,Acetaminophen (see Paracetamol),unknown
237,Paracetamol (Acetaminophen),3
238,<i>para</i>-Anisidine,3
239,<i>para</i>-Benzoquinone dioxime,3
240,<i>N</i>.<i>N</i>'-Diethylthiourea,3
241,Caprolactam,4
242,Lauroyl peroxide,3
243,<i>para</i>-Dichlorobenzene,2B
244,<i>para</i>-Chloroaniline,2B
245,<i>para</i>-Phenylenediamine,3
246,<i>para</i>-Quinone,3
247,4-Vinylcyclohexene diepoxide,2B
248,1.2-Epoxybutane,2B
249,Epichlorohydrin,2A
250,Ethylene dibromide,2A
251,1-Bromopropane,2B
252,1.3-Butadiene,1
253,Acrolein,3
254,Allyl chloride,3
255,1.2-Dichloroethane,2B
256,Acrylonitrile,2B
257,Chloroacetonitrile,3
258,Chloromethyl methyl ether (see Bis(chloromethyl)ether; chloromethyl methyl ether),unknown
259,Vinyl acetate,2B
260,Methyl isobutyl ketone,2B
261,Succinic anhydride,3
262,<i>meta</i>-Phenylenediamine,3
263,Resorcinol,3
264,Bis(2-chloro-1-methylethyl)ether,3
265,Melamine,2B
266,Toluene,3
267,Cyclohexanone,3
268,Phenol,3
269,Tetrahydrofuran,2B
270,Furan,2B
271,<i>trans</i>-1.4-Dichlorobutene,3
272,Pyridine,2B
273,Morpholine,3
274,Diethanolamine,2B
275,Bis(2-chloroethyl)ether,3
276,2-Butoxyethanol,3
277,Azaserine,2B
278,Propylene,3
279,Chlorendic acid,2B
280,Dicofol,3
281,Tris(2-chloroethyl) phosphate,3
282,Aldicarb,3
283,Tetrafluoroethylene,2A
284,Dantron (Chrysazin; 1.8-Dihydroxyanthraquinone),2B
285,Quercetin,3
286,2-Aminoanthraquinone,3
287,Bis(2-ethylhexyl) phthalate (see Di(2-ethylhexyl) phthalate),unknown
288,Di(2-ethylhexyl)phthalate,2B
289,Hexachlorobenzene,2B
290,Anthranilic acid,3
291,2.4.6-Trinitrotoluene,3
292,4-Amino-2-nitrophenol,3
293,Benzophenone,2B
294,3.3'-Dimethoxybenzidine (<i>ortho</i>-Dianisidine),2B
295,3.3'-Dimethylbenzidine (<i>ortho</i>-Tolidine),2B
296,Anthracene,3
297,Isosafrole,3
298,<i>para</i>-Cresidine,2B
299,Catechol,2B
300,2.4-Dinitrotoluene,2B
301,2-Amino-5-nitrothiazole,3
302,<i>N</i>.<i>N</i>-Dimethylaniline,3
303,Malathion,2A
304,2-Amino-5-nitrophenol,3
305,Simazine,3
306,Propham,3
307,Phenyl glycidyl ether,2B
308,Hydroquinone,3
309,Maleic hydrazide,3
310,β-Myrcene,2B
311,1.4-Dioxane,2B
312,Chlorodibromomethane,3
313,Methylarsonic acid,2B
314,Monomethylarsonic acid (see Methylarsonic acid),unknown
315,Primidone,2B
316,Griseofulvin,2B
317,Tris(2.3-dibromopropyl) phosphate,2A
318,Nitrogen mustard <i>N</i>-oxide,2B
319,Chloroprene,2B
320,Hydroxyurea,3
321,Tetrachloroethylene (Perchloroethylene),2A
322,Sulfafurazole (Sulfisoxazole),3
323,Butylated hydroxytoluene (BHT),3
324,Vat Yellow 4,3
325,Pyrene,3
326,2-Methyl-1-nitroanthraquinone (uncertain purity),2B
327,Blue VRS,3
328,Oxyphenbutazone,3
329,1-Hydroxyanthraquinone,2B
330,Yellow OB,3
331,Sodium <i>ortho</i>-phenylphenate,2B
332,Dibenzothiophene,3
333,Captan,3
334,1-Naphthylamine,3
335,<i>N</i>-Phenyl-2-naphthylamine,3
336,Phenazopyridine hydrochloride,2B
337,2.4.5-Trimethylaniline,3
338,Thiram,3
339,Ziram,3
340,Shikimic acid,3
341,Cyclamates (sodium cyclamate),3
342,Nitrilotriacetic acid and its salts,2B
343,4.4'-Thiodianiline,2B
344,Nithiazide,3
345,Benzyl acetate,3
346,<i>para</i>-Dimethylaminoazobenzenediazo sodium sulfonate,3
347,Aramite®,2B
348,Ethyl acrylate,2B
349,<i>n</i>-Butyl acrylate,3
350,3.4-Epoxy-6-methylcyclohexylmethyl-3.4-epoxy-6-methylcyclo-hexanecarboxylate,3
351,Thiouracil,2B
352,2.4-Hexadienal,2B
353,Chlordecone (Kepone),2B
354,Vinblastine sulfate,3
355,Methyl selenac,3
356,Sodium diethyldithiocarbamate,3
357,8-Hydroxyquinoline,3
358,Melphalan,1
359,Patulin,3
360,2-Mercaptobenzothiazole,2A
361,<i>para</i>-Aminobenzoic acid,3
362,Monuron,3
363,Dulcin,3
364,Aziridine,2B
365,Bischloroethyl nitrosourea (BCNU),2A
366,<i>para</i>-Nitrosodiphenylamine,3
367,Phenelzine sulfate,3
368,Dibenzo[<i>a</i>.<i>i</i>]pyrene,2B
369,Dibenzo[<i>a</i>.<i>h</i>]pyrene,2B
370,Coronene,3
371,Benzo[<i>ghi</i>]perylene,3
372,Anthanthrene,3
373,Dibenzo[<i>a</i>.<i>l</i>]pyrene,2A
374,Dibenzo[<i>h</i>.<i>rst</i>]pentaphene,3
375,Dibenzo[<i>e</i>.<i>l</i>]pyrene,3
376,Dibenzo[<i>a</i>.<i>e</i>]pyrene,3
377,Benzo[<i>e</i>]pyrene,3
378,Naphtho[2.3-<i>e</i>]pyrene,3
379,Indeno[1.2.3-<i>cd</i>]pyrene,2B
380,7H-Dibenzo[<i>c</i>.<i>g</i>]carbazole,2B
381,Benzo[<i>c</i>]phenanthrene,2B
382,Benzo[<i>g</i>]chrysene,3
383,Perylene,3
384,Benz[<i>j</i>]aceanthrylene,2B
385,11H-Benz[<i>bc</i>]aceanthrylene,3
386,4H-Cyclopenta[<i>def</i>]chrysene,3
387,Benzo[<i>ghi</i>]fluoranthene,3
388,Naphtho[2.1-<i>a</i>]fluoranthene,3
389,Benzo[<i>a</i>]fluoranthene,3
390,Benzo[<i>c</i>]fluorene,3
391,Benzo[<i>j</i>]fluoranthene,2B
392,Benzo[<i>b</i>]fluoranthene,2B
393,Fluoranthene,3
394,Benzo[<i>k</i>]fluoranthene,2B
395,13H-Dibenzo[<i>a</i>.<i>g</i>]fluorene,3
396,Benz[<i>l</i>]aceanthrylene,3
397,Picene,3
398,Benzo[<i>b</i>]chrysene,3
399,Dibenz[<i>a</i>.<i>c</i>]anthracene,3
400,Triphenylene,3
401,Chrysene,2B
402,Dibenz[<i>a</i>.<i>j</i>]anthracene,3
403,Dibenz[<i>a</i>.<i>j</i>]acridine,2A
404,Dibenz[<i>c</i>.<i>h</i>]acridine,2B
405,Benz[<i>a</i>]acridine,3
406,Benz[<i>c</i>]acridine,3
407,Dibenz[<i>a</i>.<i>h</i>]acridine,2B
408,Benzo[<i>a</i>]fluorene,3
409,Benzo[<i>b</i>]naphtho[2.1-d]thiophene,3
410,Benzo[<i>b</i>]fluorene,3
411,Dibenzo-<i>para</i>-dioxin,3
412,Benzofuran,2B
413,Methyl parathion,3
414,Methoxsalen (8-methoxypsoralen) plus ultraviolet A radiation,1
415,Treosulfan,1
416,Hydrazine,2A
417,Chloral hydrate,2A
418,Lasiocarpine,2B
419,Ochratoxin A,2B
420,Chlorambucil,1
421,Aldrin (see Dieldrin. and aldrin metabolized to dieldrin),unknown
422,Aristolochic acid,1
423,Aristolochic acid. plants containing,1
424,Evans blue,3
425,Zectran,3
426,Monocrotaline,2B
427,Azacitidine,2A
428,Caffeic acid,2B
429,Diazinon,2A
430,Diazomethane,3
431,Perfluorooctanoic acid (PFOA),2B
432,Procarbazine hydrochloride,2A
433,Triamterene,2B
434,Ethylene sulfide,3
435,Diazepam,3
436,Metronidazole,2B
437,Azathioprine,1
438,Retrorsine,3
439,Seneciphylline,3
440,5-Methoxypsoralen,2A
441,2.4'-Diphenyldiamine,3
442,Auramine,2B
443,Methyl red,3
444,Chlornaphazine,1
445,<i>N</i>.<i>N</i>-Bis(2-chloroethyl)-2-naphthylamine (see Chlornaphazine),unknown
446,Acridine orange,3
447,Kojic acid,3
448,Mustard gas (see Sulfur mustard),unknown
449,Sulfur mustard,1
450,Tetranitromethane,2B
451,Chlorobenzilate,3
452,1-Chloro-2-methylpropene,2B
453,Citrinin,3
454,Kaempferol,3
455,CI Acid Orange 20,3
456,Orange I (see CI Acid Orange 20),unknown
457,Angelicin plus ultraviolet A radiation,3
458,Merphalan,2B
459,<i>N</i>-[4-(5-Nitro-2-furyl)-2-thiazolyl]acetamide,2B
460,Chrysoidine,3
461,Ethionamide,3
462,1.2-Dimethylhydrazine,2A
463,<i>meta</i>-Dichlorobenzene,3
464,1.3-Dichloropropene (technical-grade),2B
465,Malonaldehyde,3
466,Bis(chloromethyl)ether; chloromethyl methyl ether (technical-grade),1
467,Trichloroacetonitrile,3
468,Tris(1-aziridinyl)phosphine oxide,3
469,Mannomustine dihydrochloride,3
470,1-[(5-Nitrofurfurylidene)amino]-2-imidazolidinone,2B
471,Glycidol,2A
472,Doxylamine succinate,3
473,Semicarbazide hydrochloride,3
474,3-Chloro-2-methylpropene. technical grade,2B
475,CI Basic Red 9,2B
476,2-Nitronaphthalene,3
477,Methylazoxymethanol acetate,2B
478,Vinyl bromide,2A
479,Chlorofluoromethane,3
480,Methyl carbamate,3
481,Sulfasalazine,2B
482,9-Nitroanthracene,3
483,5-Nitroacenaphthene,2B
484,Oxazepam,2B
485,2.6-Dinitrotoluene,2B
486,2-Nitrofluorene,2B
487,2.6-Dichloro-<i>para</i>-phenylenediamine,3
488,<i>N</i>.<i>N</i>'-Diacetylbenzidine,2B
489,2.4-Diaminoanisole,2B
490,<i>N</i>-Methyl-<i>N</i>-nitrosourethane,2B
491,3.5-Dinitrotoluene,3
492,<i>N</i>-Nitrosodi-<i>n</i>-propylamine,2B
493,<i>n</i>-Propyl carbamate,3
494,1.1.1.2-Tetrachloroethane,2B
495,Dibromoacetic acid,2B
496,Magenta,2B
497,Clofibrate,3
498,Dihydroaceanthrylene,3
499,Hexamethylphosphoramide,2B
500,<i>N</i>-Methyl-<i>N</i>-nitrosourea,2A
501,2-Methylimidazole,2B
502,2-Amino-5-(5-nitro-2-furyl)-1.3.4-thiadiazole,2B
503,Sulfamethoxazole,3
504,<i>N</i>-Ethyl-<i>N</i>-nitrosourea,2A
505,Glycidaldehyde,2B
506,2-Nitropyrene,3
507,Dihydroxymethylfuratrizine (see also Panfuran S),3
508,Panfuran S (containing dihydroxymethylfuratrizine),2B
509,Aziridyl benzoquinone,3
510,Nitrovin,3
511,Trichlormethine (Trimustine hydrochloride),2B
512,4-Methylimidazole,2B
513,Dimethoxane,3
514,1-Methylphenanthrene,3
515,4.4'-Methylene bis(2-methylaniline),2B
516,Sudan I,3
517,Temazepam,3
518,Dimethyl hydrogen phosphite,3
519,3-Nitrofluoranthene,3
520,Amaranth,3
521,<i>N</i>-Nitrosodi-<i>n</i>-butylamine,2B
522,<i>N</i>-Nitrosopyrrolidine,2B
523,Rhodamine 6G,3
524,Glyphosate,2A
525,2-(1-Aziridinyl)ethanol,3
526,<i>N</i>-Nitrosodiethanolamine,2B
527,1.3-Propane sultone,2A
528,Dithranol,3
529,Decabromodiphenyl oxide,3
530,Gallium arsenide (see Arsenic and inorganic arsenic compounds),unknown
531,Ferric oxide,3
532,Antimony trioxide,2B
533,Vanadium pentoxide,2B
534,Haematite,3
535,Zeolites other than erionite (clinoptilolite. phillipsite.mordenite. non-fibrous Japanese zeolite. synthetic zeolites),3
536,Xylenes,3
537,Asbestos (all forms. including actinolite. amosite. anthophyllite. chrysotile. crocidolite. tremolite),1
538,Molybdenum trioxide,2B
539,Carbon black,2B
540,Polychlorinated biphenyls,1
541,Iron sorbitol-citric acid complex,3
542,Antimony trisulfide,3
543,Tannic acid and tannins,3
544,Aflatoxins,1
545,1.2:3.4-Diepoxybutane (see <i>Monographs</i> on 1.3-Butadiene),unknown
546,Trifluralin,3
547,1.2-Diethylhydrazine,2B
548,Methyl <i>tert</i>-butyl ether,3
549,Bisphenol A diglycidyl ether (Araldite),3
550,4-Hydroxyazobenzene,3
551,Benzyl violet 4B,2B
552,6-Methylchrysene,3
553,3-Methylfluoranthene,3
554,2.3.7.8-Tetrachlorodibenzo-<i>para</i>-dioxin,1
555,Nitrofen (technical-grade),2B
556,Chlorothalonil,2B
557,Atrazine,3
558,Picloram,3
559,CI Orange G,3
560,Orange G (see CI Orange G),unknown
561,CI Direct Black 38 (see Benzidine. dyes metabolized to),unknown
562,Triethylene glycol diglycidyl ether,3
563,Vincristine sulfate,3
564,Fluometuron,3
565,Bis(1-aziridinyl)morpholinophosphine sulfide,3
566,1.5-Naphthalenediamine,3
567,Diallate,3
568,Senkirkine,3
569,Fast Green FCF,3
570,Mirex,2B
571,Bis(2.3-epoxycyclopentyl)ether ,3
572,Captafol,2A
573,CI Pigment Red 3,3
574,CI Direct Blue 15,2B
575,11-Aminoundecanoic acid,3
576,Disperse Blue 1,2B
577,CI Direct Blue 6 (see Benzidine. dyes metabolized to),unknown
578,Oil Orange SS,2B
579,Agaritine,3
580,Sunset Yellow FCF,3
581,HC Blue No. 1,2B
582,Disperse Yellow 3,3
583,Allyl isovalerate,3
584,HC Red No. 3,3
585,Prazepam,3
586,Diisopropyl sulfate,2B
587,Dichloroacetonitrile,3
588,beta-Butyrolactone,2B
589,Sudan II,3
590,1.5-Naphthalene diisocyanate,3
591,Dibromoacetonitrile,2B
592,2.2-Bis(bromomethyl)propane-1.3-diol,2B
593,1-Methylchrysene,3
594,4-Methylchrysene,3
595,3-Methylchrysene,3
596,2-Methylchrysene,3
597,Ponceau 3R,2B
598,Carmoisine,3
599,2-(2-Formylhydrazino)-4-(5-nitro-2-furyl)thiazole,2B
600,AF-2 [2-(2-Furyl)-3-(5-nitro-2-furyl)acrylamide],2B
601,5-Methylchrysene,2B
602,Ponceau MX,2B
603,Nafenopin,2B
604,Isophosphamide,3
605,5-(Morpholinomethyl)-3-[(5-nitrofurfurylidene)­amino]-2-oxazolidinone,2B
606,Brilliant Blue FCF. disodium salt,3
607,4.5'.8-Trimethylpsoralen,3
608,4.5'-Dimethylangelicin plus ultraviolet A radiation,3
609,Crotonaldehyde,3
610,Dacarbazine,2B
611,Ponceau SX,3
612,<i>N</i>-Nitrosomethylvinylamine,2B
613,5-Aminoacenaphthene,3
614,Guinea Green B,3
615,4-Chloro-<i>meta</i>-phenylenediamine,3
616,Light Green SF,3
617,D & C Red No. 9,3
618,1.4-Diamino-2-nitrobenzene,3
619,Dibenzo[<i>a</i>.<i>e</i>]fluoranthene,3
620,Glycidyl oleate,3
621,Ethyl selenac,3
622,1-Nitropyrene,2A
623,Bromochloroacetic acid,2B
624,<i>d</i>-Limonene,3
625,Chlordimeform,3
626,Citrus Red No. 2,2B
627,Sudan Red 7B,3
628,CI Acid Orange 3,3
629,Sudan Brown RR,3
630,CI Acid Red 114,2B
631,Aflatoxin M1,2B
632,Jacobine,3
633,5.6-Cyclopenteno-1.2-benzanthracene,3
634,Methylene blue,3
635,Lead,2B
636,Mercury and inorganic mercury compounds,3
637,Nickel. metallic and alloys,2B
638,Plutonium,1
639,Thorium-232 and its decay products,1
640,Arsenic and inorganic arsenic compounds,1
641,Beryllium and beryllium compounds,1
642,Cadmium and cadmium compounds,1
643,Chromium. metallic,3
644,Cobalt and cobalt compounds,2B
645,Cobalt metal without tungsten carbide,2B
646,Cobalt metal with tungsten carbide,2A
647,Sulfur dioxide,3
648,Glycidyl stearate,3
649,Zalcitabine,2B
650,6-Nitrochrysene,2A
651,<i>N</i>-Nitrosoproline,3
652,Dichloroacetylene,3
653,Silica. amorphous,3
654,Hydrochloric acid,3
655,Strong-inorganic-acid mists containing sulfuric acid (see Acid mists),unknown
656,Hydrogen peroxide,3
657,Potassium bromate,2B
658,Sodium chlorite,3
659,Selenium and selenium compounds,3
660,Toxaphene (Polychlorinated camphenes),2B
661,Terpene polychlorinates (Strobane®),3
662,Creosotes,2A
663,Crude oil,3
664,Coal tars (see Coal-tar distillation),unknown
665,Coal-tar distillation,1
666,Acriflavinium chloride,3
667,Saccharated iron oxide,3
668,Bitumens. extracts of steam-refined and air-refined; steam-refined. cracking-residue and air-refined bitumens (see Bitumens. occupational exposures),unknown
669,Bitumens. occupational exposure to straight-run bitumens and their emissions during road paving,2B
670,Carrageenan. native,3
671,Kava extract,2B
672,Polytetrafluoroethylene,3
673,Polyvinyl chloride,3
674,Polyethylene,3
675,Polyvinyl alcohol,3
676,Polyacrylic acid,3
677,Polypropylene,3
678,Polyvinyl acetate,3
679,Vinyl chloride-vinyl acetate copolymers,3
680,Polyvinyl pyrrolidone,3
681,Polystyrene,3
682,Styrene-acrylonitrile copolymers,3
683,Styrene-butadiene copolymers,3
684,Iron-dextrin complex,3
685,Iron-dextran complex,2B
686,Polyurethane foams,3
687,Polychloroprene,3
688,Vinylidene chloride-vinyl chloride copolymers,3
689,Polymethyl methacrylate,3
690,Polymethylene polyphenyl isocyanate,3
691,Cobalt sulfate and other soluble cobalt(II) salts,2B
692,Iodine-131 (see Radioiodines),unknown
693,Radon-222 and its decay products,1
694,Sterigmatocystin,2B
695,Parasorbic acid,3
696,Strontium-90 (see Fission products),unknown
697,Copper 8-hydroxyquinoline,3
698,Tamoxifen,1
699,<i>N</i>-Nitrosomethylethylamine,2B
700,Chloramine,3
701,Bleomycins,2B
702,Vitamin K substances,3
703,Tungsten carbide with cobalt metal (see Cobalt metal with tungsten carbide),unknown
704,Zineb,3
705,Attapulgite (see Palygorskite),unknown
706,Palygorskite (Attapulgite) (long fibres. > 5 micrometres),2B
707,Palygorskite (Attapulgite)(short fibres. < 5 micrometres),3
708,Aurothioglucose,3
709,Maneb,3
710,Cyclochlorotine,3
711,1-(2-Chloroethyl)-3-cyclohexyl-1-nitrosourea (CCNU),2A
712,Medphalan,3
713,Radium-224 and its decay products,1
714,<i>N</i>-Nitrososarcosine,2B
715,Rifampicin,3
716,Titanium dioxide,2B
717,1.2-Bis(chloromethoxy)ethane,3
718,1-(2-Chloroethyl)-3-(4-methylcyclohexyl)-1-nitrosourea (Methyl-CCNU) (see Semustine),unknown
719,Semustine [1-(2-Chloroethyl)-3-(4-methylcyclohexyl)-1-nitrosourea. Methyl-CCNU],1
720,Radium-226 and its decay products,1
721,Wollastonite,3
722,3.3′.4.4′-Tetrachloroazobenzene,2A
723,Ferbam,3
724,Phosphorus-32. as phosphate,1
725,Talc containing asbestiform fibres (see Asbestos),unknown
726,Talc not containing asbestos or asbestiform fibres,3
727,Talc-based body powder (perineal use of),2B
728,Silica dust. crystalline. in the form of quartz or cristobalite,1
729,Cycasin,2B
730,Eosin,3
731,Radium-228 and its decay products,1
732,Sepiolite,3
733,Isatidine,3
734,Cisplatin,2A
735,2.2'.5.5'-Tetrachlorobenzidine,3
736,Chromium (III) compounds,3
737,CI Direct Brown 95 (see Benzidine. dyes metabolized to),unknown
738,<i>N</i>'-Nitrosonornicotine (NNN) and 4-(<i>N</i>-Nitrosomethylamino)-1-(3-pyridyl)-1-butanone (NNK),1
739,Gyromitrin,3
740,Fluorides (inorganic. used in drinking-water),3
741,3-Nitrobenzanthrone,2B
742,Chromium (VI) compounds,1
743,Streptozotocin,2B
744,3-Carbethoxypsoralen,3
745,7-Nitrobenz[<i>a</i>]anthracene,3
746,3-Nitroperylene,3
747,Digoxin,2B
748,Daunomycin,2B
749,Ethyl tellurac,3
750,T2-Trichothecene,3
751,Luteoskyrin,3
752,Tetrachlorvinphos,2B
753,1.4-Dimethylphenanthrene,3
754,Indium phosphide,2A
755,3.9-Dinitrofluoranthene,2B
756,Symphytine,3
757,Oestradiol mustard,3
758,4.4'-Dimethylangelicin plus ultraviolet A radiation,3
759,Adriamycin,2A
760,Riddelliine,2B
761,Hycanthone mesylate,3
762,Rugulosin,3
763,Potassium bis(2-hydroxyethyl)dithiocarbamate,3
764,<i>cis</i>-9.10-Epoxystearic acid,3
765,<i>para</i>-Aramid fibrils,3
766,Vinyl toluene,3
767,Butylated hydroxyanisole (BHA),2B
768,Nylon 6,3
769,Acepyrene (3.4-dihydrocyclopenta[<i>cd</i>]pyrene),3
770,Gemfibrozil,3
771,<i>trans</i>-2-[(Dimethylamino)methylimino]-5-[2-(5-nitro-2-furyl)-vinyl]-1.3.4-oxadiazole,2B
772,A-alpha-C (2-Amino-9<i>H</i>-pyrido[2.3-<i>b</i>]indole),2B
773,Ripazepam,3
774,Toluene diisocyanates,2B
775,Hydroxysenkirkine,3
776,Cyclopenta[<i>cd</i>]pyrene,2A
777,3.3'-Dichloro-4.4'-diaminodiphenyl ether,2B
778,Prednimustine,3
779,<i>N</i>-Nitrosofolic acid,3
780,Teniposide,2A
781,Estazolam,3
782,<i>N</i>-Nitrosohydroxyproline,3
783,Zidovudine (AZT),2B
784,HC Blue No. 2,3
785,Etoposide,1
786,Etoposide in combination with cisplatin and bleomycin,1
787,2-Methylfluoranthene,3
788,Pentosan polysulfate sodium,2B
789,<i>N</i>'-Nitrosoanabasine (NAB),3
790,1.2.3-Tris(chloromethoxy)propane,3
791,Doxefazepam,3
792,1.6-Dinitropyrene,2B
793,1.8-Dinitropyrene,2B
794,Indium tin oxide,2B
795,Amsacrine,2B
796,Cimetidine,3
797,Fenvalerate,3
798,Permethrin,3
799,Deltamethrin,3
800,Carrageenan. degraded (Poligeenan),2B
801,Poligeenan (see Carrageenan. degraded),unknown
802,Chlorozotocin,2A
803,<i>N</i>-Nitrosoguvacine,3
804,<i>N</i>-Nitrosoguvacoline,3
805,1.4-Bis(chloromethoxymethyl)benzene,3
806,1-<i>tert</i>-Butoxypropan-2-ol,2B
807,2.3.4.7.8-Pentachlorodibenzofuran,1
808,3.4.5.3’.4’-Pentachlorobiphenyl (PCB-126),1
809,4-Nitropyrene,2B
810,Aciclovir,3
811,Polybrominated biphenyls,2A
812,HC Yellow No. 4,3
813,Ciclosporin (see Cyclosporine),unknown
814,Cyclosporine,1
815,Petasitenine,3
816,3-(<i>N</i>-Nitrosomethylamino)propionitrile,2B
817,Trp-P-1 (3-Amino-1.4-dimethyl-5<i>H</i>-pyrido[4.3-<i>b</i>]indole),2B
818,Trp-P-2 (3-Amino-1-methyl-5<i>H</i>-pyrido[4.3-<i>b</i>]indole),2B
819,6-Nitrobenzo[<i>a</i>]pyrene,3
820,Arsenobetaine and other organic arsenic compounds that are not metabolized in humans,3
821,Bitumens. occupational exposure to oxidized bitumens and their emissions during roofing,2A
822,Mitoxantrone,2B
823,Coal-tar pitch,1
824,Erionite,1
825,Glu-P-2 (2-Aminodipyrido[1.2-<i>a</i>:3'.2'-<i>d</i>]imidazole),2B
826,Glu-P-1 (2-Amino-6-methyldipyrido[1.2-<i>a</i>:3'.2'-<i>d</i>]imidazole),2B
827,MeA-alpha-C (2-Amino-3-methyl-9<i>H</i>-pyrido[2.3-<i>b</i>]indole),2B
828,Shale oils,1
829,Coconut oil diethanolamine condensate,2B
830,Didanosine,3
831,<i>N</i>'-Nitrosoanatabine (NAT),3
832,5-Methylangelicin plus ultraviolet A radiation,3
833,1.3-Dinitropyrene,2B
834,IQ (2-Amino-3-methylimidazo[4.5-<i>f</i>]quinoline),2A
835,MeIQ (2-Amino-3.4-dimethylimidazo[4.5-<i>f</i>]quinoline),2B
836,3-Chloro-4-(dichloromethyl)-5-hydroxy-2(5<i>H</i>)-furanone,2B
837,MeIQx (2-Amino-3.8-dimethylimidazo[4.5-<i>f</i>]quinoxaline),2B
838,Droloxifene,3
839,Bromochloroacetonitrile,3
840,3-(<i>N</i>-Nitrosomethylamino)propionaldehyde,3
841,Pyrido[3.4-<i>c</i>]psoralen,3
842,7-Methylpyrido[3.4-<i>c</i>]psoralen,3
843,Ptaquiloside,3
844,Toremifene,3
845,<i>Ginkgo biloba</i> extract,2B
846,4.4'.6-Trimethylangelicin plus ultraviolet A radiation,3
847,<i>N</i>-Methylolacrylamide,3
848,Microcystin-LR,2B
849,PhIP (2-Amino-1-methyl-6-phenylimidazo[4.5-<i>b</i>]pyridine),2B
850,3.7-Dinitrofluoranthene,2B
851,Pioglitazone,2A
852,Naphtho[1.2-<i>b</i>]fluoranthene,3
853,Fumonisin B<sub>1</sub>,2B
854,<i>Fusarium moniliforme</i>. toxins derived from (fumonisin B<sub>1</sub>. fumonisin B<sub>2</sub>. and fusarin C),2B
855,Nodularins,3
856,Rosiglitazone,3
857,Carbon nanotubes. multiwalled MWCNT-7,2B
858,Carbon nanotubes. multiwalled. other than MWCNT-7,3
859,Carbon nanotubes. single-walled,3
860,Multiwalled carbon nanotubes MWCNT-7 (see Carbon nanotubes. multiwalled MWCNT-7),unknown
861,Multiwalled carbon nanotubes other than MWCNT-7 (see Carbon nanotubes. multiwalled. other than MWCNT-7),unknown
862,Single-walled carbon nanotubes (see Carbon nanotubes. single-walled),unknown
863,Silicon carbide. fibrous,2B
864,Silicon carbide whiskers,2A
865,Acheson process. occupational exposure associated with,1
866,Acid mists. strong inorganic,1
867,Acrylic fibres,3
868,Acrylonitrile-butadiene-styrene copolymers,3
869,Alcoholic beverages,1
870,<i>Aloe vera</i>. whole leaf extract,2B
871,Alpha particles (see Radionuclides),unknown
872,Aluminium production,1
873,Anaesthetics. volatile,3
874,Androgenic (anabolic) steroids,2A
875,Areca nut,1
876,Art glass. glass containers and pressed ware (manufacture of),2A
877,Auramine production,1
878,Benzidine. dyes metabolized to,1
879,Beta particles (see Radionuclides),unknown
880,Betel quid with tobacco,1
881,Betel quid without tobacco,1
882,Biomass fuel (primarily wood). indoor emissions from household combustion of,2A
883,Bisulfites,3
884,Bitumens. occupational exposure to hard bitumens and their emissions during mastic asphalt work,2B
885,BK polyomavirus (BKV),2B
886,Boot and shoe manufacture and repair (see Leather dust. Benzene),unknown
887,Bracken fern,2B
888,Calcium carbide production,3
889,Carbon electrode manufacture,2A
890,Carpentry and joinery,2B
891,Ceramic implants,3
892,Chimney sweeping (see Soot),unknown
893,Chlorinated drinking-water,3
894,Chlorinated paraffins of average carbon chain length C12 and average degree of chlorination approximately 60%,2B
895,Chlorophenols (see Polychlorophenols),unknown
896,Chlorophenoxy herbicides,2B
897,<i>Clonorchis sinensis</i> (infection with),1
898,Coal dust,3
899,Coal gasification,1
900,Coal. indoor emissions from household combustion of,1
901,Coffee (drinking),3
902,Coke production,1
903,Continuous glass filament (see Glass filament),unknown
904,Dental materials,3
905,Diesel engine exhaust (see Engine exhaust. diesel),unknown
906,Diesel fuel. marine,2B
907,Diesel fuels. distillate (light),3
908,Dry cleaning (occupational exposures in),2B
909,Dyes metabolized to benzidine (see Benzidine. dyes metabolized to),unknown
910,Electric fields. extremely low-frequency,3
911,Electric fields. static,3
912,Engine exhaust. diesel,1
913,Engine exhaust. gasoline,2B
914,Epstein-Barr virus,1
915,Estrogen therapy. postmenopausal,1
916,Estrogen-progestogen menopausal therapy (combined),1
917,Estrogen-progestogen oral contraceptives (combined),1
918,Firefighter (occupational exposure as a),2B
919,Fission products. including strontium-90,1
920,Flat-glass and specialty glass (manufacture of),3
921,Fluorescent lighting,3
922,Fluoro-edenite fibrous amphibole,1
923,Foreign  bodies (see Ceramic implants. Dental materials. Implanted foreign bodies. Metallic implants. Organic polymeric materials. Orthopaedic implants. Polymeric implants. Silicone breast implants),unknown
924,Frying. emissions from high-temperature,2A
925,Fuel oils. distillate (light),3
926,Fuel oils. residual (heavy),2B
927,Furniture and cabinet making (see Wood dust),unknown
928,<i>Fusarium graminearum</i>. <i>F. culmorum</i>. and <i>F. crookwellense</i>. toxins derived from (zearalenone. deoxynivalenol. nivalenol. and fusarenone X),3
929,<i>Fusarium sporotrichioides</i>. toxins derived from (T-2 toxin),3
930,Gamma-Radiation (see X- and Gamma-Radiation),unknown
931,Gasoline,2B
932,Gasoline engine exhaust (see Engine exhaust. gasoline),unknown
933,Glass filament. continuous,3
934,Goldenseal root powder,2B
935,Haematite mining (underground),1
936,Hair colouring products (personal use of),3
937,Hairdresser or barber (occupational exposure as a),2A
938,<i>Helicobacter pylori</i> (infection with),1
939,Hepatitis B virus (chronic infection with),1
940,Hepatitis C virus (chronic infection with),1
941,Hepatitis D virus,3
942,Hexachlorocyclohexanes,2B
943,High-temperature frying (see Frying),unknown
944,Household combustion of biomass fuel (see Biomass fuel. indoor emissions from household combustion of),unknown
945,Household combustion of coal (see Coal. indoor emissions from household combustion),unknown
946,Human herpesvirus type 4 (see Epstein-Barr virus),unknown
947,Human herpesvirus type 8 (see Kaposi sarcoma herpesvirus),unknown
948,Human immunodeficiency virus type 1 (infection with),1
949,Human immunodeficiency virus type 2 (infection with),2B
950,Human papillomavirus genus beta (except types 5 and 8) and genus gamma,3
951,Human papillomavirus type 68,2A
952,Human papillomavirus types 16. 18. 31. 33. 35. 39. 45. 51. 52. 56. 58. 59,1
953,Human papillomavirus types 26. 53. 66. 67. 70. 73. 82,2B
954,Human papillomavirus types 30. 34. 69. 85. 97,2B
955,Human papillomavirus types 5 and 8 (in patients with epidermodysplasia verruciformis),2B
956,Human papillomavirus types 6 and 11,3
957,Human T-cell lymphotropic virus type I,1
958,Human T-cell lymphotropic virus type II,3
959,Hypochlorite salts,3
960,Implanted foreign bodies of metallic chromium or titanium and of cobalt-based. chromium-based. and titanium-based alloys. stainless steel and depleted uranium ,3
961,Implanted foreign bodies of metallic cobalt. metallic nickel and an alloy powder containing 66-67% nickel. 13-16% chromium. and 7% iron,2B
962,Insulation glass wool,3
963,Involuntary smoking (see Tobacco smoke. second-hand),unknown
964,Ionizing radiation (all types),1
965,Iron and steel founding (occupational exposure during),1
966,Isopropyl alcohol manufacture using strong acids,1
967,Isopropyl oils,3
968,JC polyomavirus (JCV),2B
969,Jet fuel,3
970,Kaposi sarcoma herpesvirus,1
971,Lead compounds. inorganic,2A
972,Lead compounds. organic,3
973,Leather dust,1
974,Leather goods manufacture,3
975,Leather tanning and processing,3
976,Lumber and sawmill industries (including logging),3
977,Madder root (<i>Rubia tinctorum</i>),3
978,Magenta production,1
979,Magnetic fields. extremely low-frequency,2B
980,Magnetic fields. static,3
981,Malaria (caused by infection with <i>Plasmodium falciparum</i> in holoendemic areas),2A
982,Mate. not very hot (drinking),3
983,Mate. hot (see Very hot beverages),unknown
984,Merkel cell polyomavirus (MCV),2A
985,Metabisulfites,3
986,Metallic implants prepared as thin smooth films,2B
987,Methylmercury compounds,2B
988,<i>Microcystis</i> extracts,3
989,Mineral oils. highly-refined,3
990,Mineral oils. untreated or mildly treated,1
991,Modacrylic fibres,3
992,MOPP and other combined chemotherapy including alkylating agents,1
993,Neutron radiation,1
994,Nickel compounds,1
995,Nickel refining (see Nickel compounds),unknown
996,Nitrate or nitrite (ingested) under conditions that result in endogenous nitrosation,2A
997,Non-arsenical insecticides (occupational exposures in spraying and application of),2A
998,Oestrogen (see Estrogen),unknown
999,<i>Opisthorchis felineus</i> (infection with),3
1000,<i>Opisthorchis viverrini</i> (infection with),1
1001,Oral contraceptives. combined estrogen-progestogen (see Estrogen-progestogen oral contraceptives),unknown
1002,Organic polymeric materials,3
1003,Orthopaedic implants of complex composition and cardiac pacemakers,3
1004,Outdoor air pollution,1
1005,Outdoor air pollution. particulate matter in,1
1006,Paint manufacture (occupational exposure in),3
1007,Painter (occupational exposure as a),1
1008,Particulate matter in outdoor air pollution (see Outdoor air pollution. particulate matter in),unknown
1009,Paving and roofing with coal-tar pitch (see Coal-tar pitch),unknown
1010,Petroleum refining (occupational exposures in),2A
1011,Petroleum solvents,3
1012,Phenacetin. analgesic mixtures containing,1
1013,Pickled vegetables (traditional Asian),2B
1014,Polychlorinated biphenyls. dioxin-like. with a Toxicity Equivalency Factor (TEF) according to WHO (PCBs 77. 81. 105. 114. 118. 123. 126. 156. 157. 167. 169. 189),1
1015,Polychlorinated dibenzofurans (see 2.3.4.7.8-Pentachlorodibenzofuran),3
1016,Polychlorinated dibenzo-<i>para</i>-dioxins (other than 2.3.7.8-tetrachlorodibenzo-<i>para</i>-dioxin),3
1017,Polychlorophenols and their sodium salts (mixed exposures) (see Pentachlorophenol; 2.4.6-Trichlorophenol ),2B
1018,Polymeric implant prepared as thin smooth films (with the exception of poly-glycolic acid),2B
1019,Printing inks,3
1020,Printing processes (occupational exposures in),2B
1021,Processed meat (consumption of),1
1022,Proflavine salts,3
1023,Progestins,2B
1024,Progestogen-only contraceptives,2B
1025,Pulp and paper manufacture,3
1026,Radiofrequency electromagnetic fields,2B
1027,Radioiodines. including iodine-131,1
1028,Radionuclides. alpha-particle-emitting. internally deposited,1
1029,Radionuclides. beta-particle-emitting. internally deposited,1
1030,Red meat (consumption of),2A
1031,Refractory ceramic fibres,2B
1032,Rock (stone) wool,3
1033,Rubber manufacturing industry,1
1034,Salted fish. Chinese-style,1
1035,<i>Schistosoma haematobium</i> (infection with),1
1036,<i>Schistosoma japonicum</i> (infection with),2B
1037,<i>Schistosoma mansoni</i> (infection with),3
1038,Shiftwork that involves circadian disruption,2A
1039,Silicone breast implants,3
1040,Slag wool,3
1041,Solar radiation,1
1042,Soot (as found in occupational exposure of chimney sweeps),1
1043,Special-purpose fibres such as E-glass and '475' glass fibres,2B
1044,Sulfites,3
1045,Sunlamps and sunbeds (see Ultraviolet-emitting tanning devices),unknown
1046,Surgical implants (see Ceramic implants. Dental materials. Implanted foreign bodies. Metallic implants. Organic polymeric materials. Orthopaedic implants. Polymeric implants. Silicone breast implants),unknown
1047,SV40 polyomavirus ,3
1048,Tea,3
1049,Tetrakis(hydroxymethyl)phosphonium salts,3
1050,Textile manufacturing industry (work in),2B
1051,Tobacco smoke. second-hand,1
1052,Tobacco smoking,1
1053,Tobacco. smokeless,1
1054,Toxins derived from certain <i>Fusarium</i> species (see <i>Fusarium</i>),unknown
1055,Ultraviolet radiation (wavelengths 100-400 nm. encompassing UVA. UVB. and UVC),1
1056,Ultraviolet-emitting tanning devices,1
1057,Urethane (see Ethyl carbamate),unknown
1058,Very hot beverages at above 65 °C (drinking),2A
1059,Welding fumes,1
1060,Wood dust,1
1061,Wood smoke (see Biomass fuel. indoor emissions from household combustion),unknown
1062,X- and Gamma-Radiation,1
